-- Development seed for Il Bandito reservation system
-- Safe to re-run in dev: cleans and recreates demo dataset.

begin;

-- =========================================
-- Fixed IDs
-- =========================================
-- Restaurant
-- 11111111-1111-1111-1111-111111111111
-- Admin user
-- 22222222-2222-2222-2222-222222222222

-- Tables
-- 30000000-0000-0000-0000-000000000001 .. 30000000-0000-0000-0000-000000000010

-- =========================================
-- Cleanup (child -> parent order)
-- =========================================
delete from public.audit_logs where restaurant_id = '11111111-1111-1111-1111-111111111111';
delete from public.reservation_tables where reservation_id in (
  '50000000-0000-0000-0000-000000000001',
  '50000000-0000-0000-0000-000000000002',
  '50000000-0000-0000-0000-000000000003',
  '50000000-0000-0000-0000-000000000004',
  '50000000-0000-0000-0000-000000000005'
);
delete from public.reservations where id in (
  '50000000-0000-0000-0000-000000000001',
  '50000000-0000-0000-0000-000000000002',
  '50000000-0000-0000-0000-000000000003',
  '50000000-0000-0000-0000-000000000004',
  '50000000-0000-0000-0000-000000000005'
);
delete from public.blocked_slots where restaurant_id = '11111111-1111-1111-1111-111111111111';
delete from public.special_closures where restaurant_id = '11111111-1111-1111-1111-111111111111';
delete from public.table_combinations where restaurant_id = '11111111-1111-1111-1111-111111111111';
delete from public.opening_hours where restaurant_id = '11111111-1111-1111-1111-111111111111';
delete from public.reservation_duration_rules where restaurant_id = '11111111-1111-1111-1111-111111111111';
delete from public.reservation_rules where restaurant_id = '11111111-1111-1111-1111-111111111111';
delete from public.tables where restaurant_id = '11111111-1111-1111-1111-111111111111';
delete from public.admin_users where restaurant_id = '11111111-1111-1111-1111-111111111111';
delete from public.restaurants where id = '11111111-1111-1111-1111-111111111111';

-- =========================================
-- Restaurant + admin
-- =========================================
insert into public.restaurants (id, name, timezone)
values ('11111111-1111-1111-1111-111111111111', 'Il Bandito', 'Europe/Madrid');

insert into public.admin_users (id, restaurant_id, auth_user_id, role, is_active, deleted_at)
values (
  '22222222-2222-2222-2222-222222222222',
  '11111111-1111-1111-1111-111111111111',
  null,
  'manager',
  true,
  null
);

-- =========================================
-- Rules
-- =========================================
insert into public.reservation_rules (
  id,
  restaurant_id,
  slot_interval_minutes,
  default_buffer_before_minutes,
  default_buffer_after_minutes,
  is_active,
  deleted_at
)
values (
  '60000000-0000-0000-0000-000000000001',
  '11111111-1111-1111-1111-111111111111',
  15,
  0,
  15,
  true,
  null
);

insert into public.reservation_duration_rules (
  id,
  restaurant_id,
  min_party_size,
  max_party_size,
  duration_minutes,
  is_active,
  deleted_at
)
values
  ('61000000-0000-0000-0000-000000000001', '11111111-1111-1111-1111-111111111111', 1, 2, 90, true, null),
  ('61000000-0000-0000-0000-000000000002', '11111111-1111-1111-1111-111111111111', 3, 4, 105, true, null),
  ('61000000-0000-0000-0000-000000000003', '11111111-1111-1111-1111-111111111111', 5, 6, 120, true, null),
  ('61000000-0000-0000-0000-000000000004', '11111111-1111-1111-1111-111111111111', 7, 8, 135, true, null),
  ('61000000-0000-0000-0000-000000000005', '11111111-1111-1111-1111-111111111111', 9, 12, 150, true, null);

-- =========================================
-- Opening hours (Tue-Sun lunch + dinner, Monday closed)
-- =========================================
insert into public.opening_hours (id, restaurant_id, weekday, open_time, close_time, is_active, deleted_at)
values
  ('62000000-0000-0000-0000-000000000001', '11111111-1111-1111-1111-111111111111', 2, '13:00', '16:00', true, null),
  ('62000000-0000-0000-0000-000000000002', '11111111-1111-1111-1111-111111111111', 2, '19:30', '23:30', true, null),
  ('62000000-0000-0000-0000-000000000003', '11111111-1111-1111-1111-111111111111', 3, '13:00', '16:00', true, null),
  ('62000000-0000-0000-0000-000000000004', '11111111-1111-1111-1111-111111111111', 3, '19:30', '23:30', true, null),
  ('62000000-0000-0000-0000-000000000005', '11111111-1111-1111-1111-111111111111', 4, '13:00', '16:00', true, null),
  ('62000000-0000-0000-0000-000000000006', '11111111-1111-1111-1111-111111111111', 4, '19:30', '23:30', true, null),
  ('62000000-0000-0000-0000-000000000007', '11111111-1111-1111-1111-111111111111', 5, '13:00', '16:00', true, null),
  ('62000000-0000-0000-0000-000000000008', '11111111-1111-1111-1111-111111111111', 5, '19:30', '23:30', true, null),
  ('62000000-0000-0000-0000-000000000009', '11111111-1111-1111-1111-111111111111', 6, '13:00', '16:00', true, null),
  ('62000000-0000-0000-0000-000000000010', '11111111-1111-1111-1111-111111111111', 6, '19:30', '23:30', true, null),
  ('62000000-0000-0000-0000-000000000011', '11111111-1111-1111-1111-111111111111', 7, '13:00', '16:00', true, null),
  ('62000000-0000-0000-0000-000000000012', '11111111-1111-1111-1111-111111111111', 7, '19:30', '23:30', true, null);

-- =========================================
-- Tables demo (10 tables realistic mix)
-- =========================================
insert into public.tables (id, restaurant_id, table_code, min_capacity, max_capacity, is_active, deleted_at)
values
  ('30000000-0000-0000-0000-000000000001', '11111111-1111-1111-1111-111111111111', 'I1', 2, 2, true, null),
  ('30000000-0000-0000-0000-000000000002', '11111111-1111-1111-1111-111111111111', 'I2', 2, 4, true, null),
  ('30000000-0000-0000-0000-000000000003', '11111111-1111-1111-1111-111111111111', 'I3', 2, 4, true, null),
  ('30000000-0000-0000-0000-000000000004', '11111111-1111-1111-1111-111111111111', 'I4', 4, 6, true, null),
  ('30000000-0000-0000-0000-000000000005', '11111111-1111-1111-1111-111111111111', 'I5', 4, 8, true, null),
  ('30000000-0000-0000-0000-000000000006', '11111111-1111-1111-1111-111111111111', 'T1', 2, 2, true, null),
  ('30000000-0000-0000-0000-000000000007', '11111111-1111-1111-1111-111111111111', 'T2', 2, 4, true, null),
  ('30000000-0000-0000-0000-000000000008', '11111111-1111-1111-1111-111111111111', 'T3', 2, 4, true, null),
  ('30000000-0000-0000-0000-000000000009', '11111111-1111-1111-1111-111111111111', 'T4', 4, 6, true, null),
  ('30000000-0000-0000-0000-000000000010', '11111111-1111-1111-1111-111111111111', 'T5', 4, 8, true, null);

-- =========================================
-- Table combinations demo
-- =========================================
insert into public.table_combinations (id, restaurant_id, table_1_id, table_2_id, is_active, deleted_at)
values
  ('70000000-0000-0000-0000-000000000001', '11111111-1111-1111-1111-111111111111', '30000000-0000-0000-0000-000000000002', '30000000-0000-0000-0000-000000000003', true, null),
  ('70000000-0000-0000-0000-000000000002', '11111111-1111-1111-1111-111111111111', '30000000-0000-0000-0000-000000000007', '30000000-0000-0000-0000-000000000008', true, null),
  ('70000000-0000-0000-0000-000000000003', '11111111-1111-1111-1111-111111111111', '30000000-0000-0000-0000-000000000004', '30000000-0000-0000-0000-000000000005', true, null);

-- =========================================
-- Special closures demo
-- =========================================
insert into public.special_closures (
  id, restaurant_id, closure_date, starts_at, ends_at, is_full_day, is_active, deleted_at
)
values
  ('80000000-0000-0000-0000-000000000001', '11111111-1111-1111-1111-111111111111', '2026-08-15', null, null, true, true, null),
  ('80000000-0000-0000-0000-000000000002', '11111111-1111-1111-1111-111111111111', null, '2026-07-20T13:00:00+02:00', '2026-07-20T15:00:00+02:00', false, true, null);

-- =========================================
-- Manual blocked slots demo
-- =========================================
insert into public.blocked_slots (
  id,
  restaurant_id,
  table_id,
  starts_at,
  ends_at,
  reason,
  created_by_admin_user_id,
  is_active,
  deleted_at
)
values
  ('90000000-0000-0000-0000-000000000001', '11111111-1111-1111-1111-111111111111', '30000000-0000-0000-0000-000000000007', '2026-07-10T20:00:00+02:00', '2026-07-10T21:15:00+02:00', 'Bloqueo por incidencia en sala', '22222222-2222-2222-2222-222222222222', true, null),
  ('90000000-0000-0000-0000-000000000002', '11111111-1111-1111-1111-111111111111', null, '2026-07-12T13:00:00+02:00', '2026-07-12T13:30:00+02:00', 'Bloqueo general por briefing equipo', '22222222-2222-2222-2222-222222222222', true, null);

-- =========================================
-- Reservations demo (realistic statuses)
-- =========================================
insert into public.reservations (
  id,
  restaurant_id,
  reservation_code,
  status,
  source,
  customer_name,
  customer_phone,
  customer_email,
  customer_comment,
  party_size,
  start_at,
  end_at,
  occupancy_start_at,
  occupancy_end_at,
  internal_notes,
  cancelled_at
)
values
  (
    '50000000-0000-0000-0000-000000000001',
    '11111111-1111-1111-1111-111111111111',
    'IB-A1B2C3',
    'confirmed',
    'web',
    'Maria Torres',
    '+34 600 111 222',
    'maria@example.com',
    'Sin gluten',
    2,
    '2026-07-10T13:30:00+02:00',
    '2026-07-10T15:00:00+02:00',
    '2026-07-10T13:30:00+02:00',
    '2026-07-10T15:15:00+02:00',
    'Prefiere terraza',
    null
  ),
  (
    '50000000-0000-0000-0000-000000000002',
    '11111111-1111-1111-1111-111111111111',
    'IB-D4E5F6',
    'pending',
    'google',
    'John Miller',
    '+34 600 333 444',
    'john@example.com',
    'Cumpleanos',
    4,
    '2026-07-10T20:45:00+02:00',
    '2026-07-10T22:30:00+02:00',
    '2026-07-10T20:45:00+02:00',
    '2026-07-10T22:45:00+02:00',
    '',
    null
  ),
  (
    '50000000-0000-0000-0000-000000000003',
    '11111111-1111-1111-1111-111111111111',
    'IB-G7H8I9',
    'seated',
    'admin',
    'Andrea Ruiz',
    '+34 600 999 555',
    'andrea@example.com',
    '',
    6,
    '2026-07-10T21:00:00+02:00',
    '2026-07-10T23:00:00+02:00',
    '2026-07-10T21:00:00+02:00',
    '2026-07-10T23:15:00+02:00',
    'Cliente habitual',
    null
  ),
  (
    '50000000-0000-0000-0000-000000000004',
    '11111111-1111-1111-1111-111111111111',
    'IB-J1K2L3',
    'finished',
    'web',
    'Lucia Ferrer',
    '+34 600 222 111',
    'lucia@example.com',
    '',
    3,
    '2026-07-09T13:15:00+02:00',
    '2026-07-09T15:00:00+02:00',
    '2026-07-09T13:15:00+02:00',
    '2026-07-09T15:15:00+02:00',
    '',
    null
  ),
  (
    '50000000-0000-0000-0000-000000000005',
    '11111111-1111-1111-1111-111111111111',
    'IB-M4N5O6',
    'cancelled',
    'instagram',
    'Thomas Becker',
    '+34 600 777 666',
    'thomas@example.com',
    'Llega con carrito',
    2,
    '2026-07-10T19:45:00+02:00',
    '2026-07-10T21:15:00+02:00',
    '2026-07-10T19:45:00+02:00',
    '2026-07-10T21:30:00+02:00',
    '',
    '2026-07-09T18:00:00+02:00'
  );

-- Assign tables to reservations
insert into public.reservation_tables (
  reservation_id,
  table_id,
  reservation_status,
  occupancy_start_at,
  occupancy_end_at
)
values
  ('50000000-0000-0000-0000-000000000001', '30000000-0000-0000-0000-000000000006', 'confirmed', '2026-07-10T13:30:00+02:00', '2026-07-10T15:15:00+02:00'),
  ('50000000-0000-0000-0000-000000000002', '30000000-0000-0000-0000-000000000009', 'pending',   '2026-07-10T20:45:00+02:00', '2026-07-10T22:45:00+02:00'),
  ('50000000-0000-0000-0000-000000000003', '30000000-0000-0000-0000-000000000004', 'seated',    '2026-07-10T21:00:00+02:00', '2026-07-10T23:15:00+02:00'),
  ('50000000-0000-0000-0000-000000000004', '30000000-0000-0000-0000-000000000002', 'finished',  '2026-07-09T13:15:00+02:00', '2026-07-09T15:15:00+02:00'),
  ('50000000-0000-0000-0000-000000000005', '30000000-0000-0000-0000-000000000001', 'cancelled', '2026-07-10T19:45:00+02:00', '2026-07-10T21:30:00+02:00');

-- Minimal audit sample
insert into public.audit_logs (restaurant_id, actor_admin_user_id, action, entity_type, entity_id, metadata)
values
  (
    '11111111-1111-1111-1111-111111111111',
    '22222222-2222-2222-2222-222222222222',
    'seed_loaded',
    'system',
    null,
    '{"note":"Development seed loaded"}'::jsonb
  );

commit;
